card_name,benefit_name,benefit_value,cadence,reset_timing,enrollment_required,requires_setup,track_in_memento,source_url,notes,card_status,issuer,card_type,card_code,benefit_code
Amex Business Platinum,Hotel Credit (FHR / Hotel Collection),Up to $300 semiannually,semiannual,Jan-Jun / Jul-Dec,no,yes,yes,https://www.americanexpress.com/us/credit-cards/business/business-credit-cards/american-express-business-platinum-credit-card-amex/,Prepaid bookings via Amex Travel; Hotel Collection requires 2-night minimum,active,amex,business,amex_business_platinum,amex_business_platinum_hotel_credit_fhr_hotel_collection
Amex Business Platinum,Hilton for Business Credit,Up to $50/quarter ($200/year),quarterly,calendar quarter,yes,yes,yes,https://www.americanexpress.com/us/credit-cards/business/business-credit-cards/american-express-business-platinum-credit-card-amex/,Eligible purchases made directly with Hilton; enrollment required,active,amex,business,amex_business_platinum,amex_business_platinum_hilton_for_business_credit
Amex Business Platinum,Indeed Credit,Up to $90/quarter ($360/year),quarterly,calendar quarter,yes,yes,yes,https://www.americanexpress.com/us/credit-cards/business/business-credit-cards/american-express-business-platinum-credit-card-amex/,Statement credits on eligible Indeed purchases,active,amex,business,amex_business_platinum,amex_business_platinum_indeed_credit
Amex Business Platinum,Wireless Credit,Up to $10/month ($120/year),monthly,calendar month,yes,yes,yes,https://www.americanexpress.com/us/credit-cards/business/business-credit-cards/american-express-business-platinum-credit-card-amex/,U.S. wireless telephone provider purchases,active,amex,business,amex_business_platinum,amex_business_platinum_wireless_credit
Amex Business Platinum,Adobe Credit,Up to $150/year,annual,calendar year,yes,yes,yes,https://www.americanexpress.com/us/credit-cards/business/business-credit-cards/american-express-business-platinum-credit-card-amex/,Annual prepaid plans on select Adobe products,active,amex,business,amex_business_platinum,amex_business_platinum_adobe_credit
Amex Business Platinum,Dell Technologies Credit (Tier 1),Up to $150/year,annual,calendar year,yes,yes,yes,https://www.americanexpress.com/en-us/business/trends-and-insights/videos/business-platinum-dell-benefits/,U.S. purchases directly with Dell Technologies,active,amex,business,amex_business_platinum,amex_business_platinum_dell_technologies_credit_tier_1
Amex Business Platinum,Dell Technologies Credit (Tier 2),$1000 after $5000 spend,annual,calendar year,yes,yes,yes,https://www.americanexpress.com/en-us/business/trends-and-insights/videos/business-platinum-dell-benefits/,Threshold-based: triggered after $5K Dell spend in calendar year,active,amex,business,amex_business_platinum,amex_business_platinum_dell_technologies_credit_tier_2
Amex Business Platinum,Airline Fee Credit,Up to $200/year,annual,calendar year,yes,yes,yes,https://global.americanexpress.com/card-benefits/detail/airline-fee-credit/business-platinum,Select one qualifying airline; incidental fees only,active,amex,business,amex_business_platinum,amex_business_platinum_airline_fee_credit
Amex Business Platinum,CLEAR Plus Credit,Up to $209/year,annual,calendar year,no,yes,yes,https://global.americanexpress.com/card-benefits/detail/clear-credit/business-platinum,Covers full CLEAR Plus membership,active,amex,business,amex_business_platinum,amex_business_platinum_clear_plus_credit
Amex Business Platinum,Global Entry / TSA PreCheck Credit,$120 (Global Entry) or up to $85 (PreCheck),multi_year,every 4 years,no,yes,yes,https://www.americanexpress.com/us/credit-cards/business/business-credit-cards/american-express-business-platinum-credit-card-amex/,One application fee credit per 4-year period,active,amex,business,amex_business_platinum,amex_business_platinum_global_entry_tsa_precheck_credit
Amex Business Platinum,Pay With Points Airline Rebate,35% points back up to 1M points/year,annual,calendar year,no,no,no,https://www.americanexpress.com/us/credit-cards/business/business-credit-cards/american-express-business-platinum-credit-card-amex/,Points rebate not a use-it-or-lose-it credit; passive,active,amex,business,amex_business_platinum,amex_business_platinum_pay_with_points_airline_rebate
Amex Business Platinum,$250K Spend - Amex Travel Flight Credit,Up to $1200,annual,earned in year N used in year N+1,no,yes,later,https://www.americanexpress.com/en-us/business/trends-and-insights/articles/unlock-benefits-bplat/,Earned by hitting $250K spend; usable following calendar year - cross-year model,active,amex,business,amex_business_platinum,amex_business_platinum_250k_spend_amex_travel_flight_credit
Amex Business Platinum,$250K Spend - American Express One AP Credit,Up to $2400,annual,earned in year N used in year N+1,no,yes,later,https://www.americanexpress.com/en-us/business/trends-and-insights/articles/unlock-benefits-bplat/,Earned by hitting $250K spend; usable following calendar year - cross-year model,active,amex,business,amex_business_platinum,amex_business_platinum_250k_spend_american_express_one_ap_credit
Amex Gold,Dining Credit (Grubhub/Cheesecake/Goldbelly/Wine.com/Five Guys),Up to $10/month ($120/year),monthly,calendar month,yes,yes,yes,https://www.americanexpress.com/us/credit-cards/card/gold-card/,Eligible purchases at participating partners only,active,amex,personal,amex_gold,amex_gold_dining_credit_grubhub_cheesecake_goldbelly_wine_com_five_guys
Amex Gold,Uber Cash,$10/month ($120/year),monthly,calendar month,yes,yes,yes,https://www.americanexpress.com/us/credit-cards/card/gold-card/,Must add Gold Card to Uber account and select Amex at checkout,active,amex,personal,amex_gold,amex_gold_uber_cash
Amex Gold,Resy Credit,Up to $50 semiannually ($100/year),semiannual,Jan-Jun / Jul-Dec,yes,yes,yes,https://www.americanexpress.com/us/credit-cards/card/gold-card/,U.S. Resy restaurants or eligible Resy purchases,active,amex,personal,amex_gold,amex_gold_resy_credit
Amex Gold,Dunkin' Credit,Up to $7/month ($84/year),monthly,calendar month,yes,yes,yes,https://www.americanexpress.com/us/credit-cards/card/gold-card/,U.S. Dunkin' locations only,active,amex,personal,amex_gold,amex_gold_dunkin_credit
Amex Gold,Hotel Collection Credit,$100 per stay,per_booking,per qualifying booking,no,yes,later,https://www.americanexpress.com/us/credit-cards/card/gold-card/,Per-booking perk on 2+ night prepaid stays via Amex Travel; no annual cap,active,amex,personal,amex_gold,amex_gold_hotel_collection_credit
Amex Business Gold,Flexible Business Credit (FedEx/Grubhub/Office Supply),Up to $20/month ($240/year),monthly,calendar month,yes,yes,yes,https://www.americanexpress.com/us/credit-cards/business/business-credit-cards/american-express-business-gold-card-amex/,Eligible U.S. purchases at FedEx Grubhub or Office Supply Stores,active,amex,business,amex_business_gold,amex_business_gold_flexible_business_credit_fedex_grubhub_office_supply
Amex Business Gold,Walmart+ Monthly Membership Credit,Up to $12.95/month + tax,monthly,calendar month,no,yes,yes,https://www.americanexpress.com/us/credit-cards/business/business-credit-cards/american-express-business-gold-card-amex/,Must pay monthly Walmart+ membership with card; Plus Ups not eligible,active,amex,business,amex_business_gold,amex_business_gold_walmart_monthly_membership_credit
Amex Green,CLEAR Plus Credit,Up to $209/year,annual,calendar year,no,yes,yes,https://www.americanexpress.com/en-us/credit-cards/credit-intel/amex-green-vs-gold/,Covers full CLEAR Plus membership; subject to auto-renewal,active,amex,personal,amex_green,amex_green_clear_plus_credit
Blue Cash Preferred,Disney Streaming Credit,Up to $10/month ($120/year),monthly,calendar month,yes,yes,yes,https://www.americanexpress.com/en-us/account/get-started/bcp/uncover-your-benefits,Disney+/Hulu/ESPN+ subscription on U.S. sites; no minimum purchase per current marketing,active,amex,personal,amex_blue_cash_preferred,amex_blue_cash_preferred_disney_streaming_credit
Blue Cash Everyday,Disney Streaming Credit,Up to $7/month ($84/year),monthly,calendar month,yes,yes,yes,https://www.americanexpress.com/us/credit-cards/card-application/apply/prospect/terms/blue-cash-everyday-credit-card/26129-10-0/?print,Disney+/Hulu/ESPN+ subscription on U.S. sites,active,amex,personal,amex_blue_cash_everyday,amex_blue_cash_everyday_disney_streaming_credit
Blue Cash Everyday,Home Chef Credit,Up to $15/month ($180/year),monthly,calendar month,yes,yes,yes,https://www.americanexpress.com/us/credit-cards/card-application/apply/prospect/terms/blue-cash-everyday-credit-card/26129-10-0/?print,Must purchase via homechef.com/blue-cash-everyday; meal kit subscriptions only,active,amex,personal,amex_blue_cash_everyday,amex_blue_cash_everyday_home_chef_credit
Cash Magnet,,,,,,,,https://www.americanexpress.com/us/credit-cards/card/cash-magnet/,No trackable use-it-or-lose-it credits; flat 1.5% cashback only,no_trackable_benefits,amex,personal,amex_cash_magnet,
Amex EveryDay,,,,,,,,https://global.americanexpress.com/card-benefits/view-all/amex-everyday,No trackable use-it-or-lose-it credits; closed to new applicants but held by existing Card Members,no_trackable_benefits,amex,personal,amex_everyday,
Amex EveryDay Preferred,,,,,,,,https://global.americanexpress.com/card-benefits/view-all/amex-everyday-preferred,No trackable use-it-or-lose-it credits; closed to new applicants but held by existing Card Members,no_trackable_benefits,amex,personal,amex_everyday_preferred,
Delta SkyMiles Reserve,Resy Credit,Up to $20/month ($240/year),monthly,calendar month,yes,yes,yes,https://www.americanexpress.com/en-us/credit-cards/credit-intel/delta-reserve-card-benefits/,Eligible purchases at U.S. Resy restaurants,active,amex,personal,amex_delta_skymiles_reserve,amex_delta_skymiles_reserve_resy_credit
Delta SkyMiles Reserve,Rideshare Credit,Up to $10/month ($120/year),monthly,calendar month,yes,yes,yes,https://www.americanexpress.com/en-us/credit-cards/credit-intel/delta-reserve-card-benefits/,U.S. rideshare with select providers,active,amex,personal,amex_delta_skymiles_reserve,amex_delta_skymiles_reserve_rideshare_credit
Delta SkyMiles Reserve,Companion Certificate,1 cert/year,annual,card renewal anniversary,no,yes,yes,https://www.americanexpress.com/us/credit-cards/card-application/apply/prospect/terms/delta-skymiles-reserve-american-express-card/26129-10-0,Domestic/Caribbean/Central America round-trip; pay taxes/fees ($22-$250); issued in renewal month,active,amex,personal,amex_delta_skymiles_reserve,amex_delta_skymiles_reserve_companion_certificate
Delta SkyMiles Reserve,Global Entry / TSA PreCheck Credit,$120 (GE) or up to $85 (PreCheck),multi_year,every 4 years,no,yes,yes,https://www.americanexpress.com/en-us/account/get-started/additional-card-member/deltareserve,One application fee credit per 4-year period,active,amex,personal,amex_delta_skymiles_reserve,amex_delta_skymiles_reserve_global_entry_tsa_precheck_credit
Delta SkyMiles Platinum,Resy Credit,Up to $10/month ($120/year),monthly,calendar month,yes,yes,yes,https://www.americanexpress.com/en-us/credit-cards/credit-intel/types-of-delta-credit-cards/,Eligible Resy purchases,active,amex,personal,amex_delta_skymiles_platinum,amex_delta_skymiles_platinum_resy_credit
Delta SkyMiles Platinum,Rideshare Credit,Up to $10/month ($120/year),monthly,calendar month,yes,yes,yes,https://www.americanexpress.com/en-us/credit-cards/credit-intel/types-of-delta-credit-cards/,U.S. rideshare with select providers,active,amex,personal,amex_delta_skymiles_platinum,amex_delta_skymiles_platinum_rideshare_credit
Delta SkyMiles Platinum,Delta Stays Credit,Up to $150/year,annual,calendar year,no,yes,yes,https://www.americanexpress.com/en-us/credit-cards/credit-intel/delta-credit-card-benefits/,Prepaid hotels/vacation rentals via Delta Stays on delta.com,active,amex,personal,amex_delta_skymiles_platinum,amex_delta_skymiles_platinum_delta_stays_credit
Delta SkyMiles Platinum,Companion Certificate,1 cert/year,annual,card renewal anniversary,no,yes,yes,https://www.americanexpress.com/en-us/benefits/travel/resources/delta-skymiles-platinum/,Delta Main only; domestic/Caribbean/Mexico/Central America; pay taxes/fees ($22-$250),active,amex,personal,amex_delta_skymiles_platinum,amex_delta_skymiles_platinum_companion_certificate
Delta SkyMiles Gold,Delta Stays Credit,Up to $100/year,annual,calendar year,no,yes,yes,https://www.americanexpress.com/us/credit-cards/card-application/apply/prospect/terms/delta-skymiles-gold-american-express-card/26129-10-0,Prepaid hotels/vacation rentals via delta.com/stays,active,amex,personal,amex_delta_skymiles_gold,amex_delta_skymiles_gold_delta_stays_credit
Delta SkyMiles Gold,$200 Delta Flight Credit (after $10K spend),$200/year,annual,calendar year,no,yes,later,https://www.americanexpress.com/us/credit-cards/card-application/apply/prospect/terms/delta-skymiles-gold-american-express-card/26129-10-0,Threshold: spend $10K in eligible purchases in calendar year to unlock $200 Delta eCredit,active,amex,personal,amex_delta_skymiles_gold,amex_delta_skymiles_gold_200_delta_flight_credit_after_10k_spend
Delta SkyMiles Reserve Business,Resy Credit,Up to $20/month ($240/year),monthly,calendar month,yes,yes,yes,https://www.americanexpress.com/en-us/business/credit-cards/delta-skymiles-reserve/,Eligible purchases at U.S. Resy restaurants,active,amex,business,amex_delta_skymiles_reserve_business,amex_delta_skymiles_reserve_business_resy_credit
Delta SkyMiles Reserve Business,Rideshare Credit,Up to $10/month ($120/year),monthly,calendar month,yes,yes,yes,https://www.americanexpress.com/en-us/business/credit-cards/delta-skymiles-reserve/,U.S. rideshare with select providers,active,amex,business,amex_delta_skymiles_reserve_business,amex_delta_skymiles_reserve_business_rideshare_credit
Delta SkyMiles Reserve Business,Delta Stays Credit,Up to $250/year,annual,calendar year,no,yes,yes,https://www.americanexpress.com/en-us/business/credit-cards/delta-skymiles-reserve/,Prepaid hotels/vacation rentals via Delta Stays on delta.com,active,amex,business,amex_delta_skymiles_reserve_business,amex_delta_skymiles_reserve_business_delta_stays_credit
Delta SkyMiles Reserve Business,Companion Certificate,1 cert/year,annual,card renewal anniversary,no,yes,yes,https://www.americanexpress.com/us/credit-cards/card-application/apply/prospect/terms/delta-skymiles-reserve-american-express-card/26129-10-0,Domestic/Caribbean/Central America round-trip; pay taxes/fees ($22-$250); issued in renewal month,active,amex,business,amex_delta_skymiles_reserve_business,amex_delta_skymiles_reserve_business_companion_certificate
Delta SkyMiles Platinum Business,Resy Credit,Up to $10/month ($120/year),monthly,calendar month,yes,yes,yes,https://www.americanexpress.com/en-us/business/credit-cards/delta-skymiles-platinum/,Eligible Resy purchases,active,amex,business,amex_delta_skymiles_platinum_business,amex_delta_skymiles_platinum_business_resy_credit
Delta SkyMiles Platinum Business,Rideshare Credit,Up to $10/month ($120/year),monthly,calendar month,yes,yes,yes,https://www.americanexpress.com/en-us/business/credit-cards/delta-skymiles-platinum/,U.S. rideshare with select providers,active,amex,business,amex_delta_skymiles_platinum_business,amex_delta_skymiles_platinum_business_rideshare_credit
Delta SkyMiles Platinum Business,Delta Stays Credit,Up to $200/year,annual,calendar year,no,yes,yes,https://www.americanexpress.com/en-us/business/credit-cards/delta-skymiles-platinum/,Prepaid hotels/vacation rentals via Delta Stays on delta.com,active,amex,business,amex_delta_skymiles_platinum_business,amex_delta_skymiles_platinum_business_delta_stays_credit
Delta SkyMiles Platinum Business,Companion Certificate,1 cert/year,annual,card renewal anniversary,no,yes,yes,https://www.americanexpress.com/en-us/business/credit-cards/delta-skymiles-platinum/,Delta Main domestic/Caribbean/Mexico/Central America; pay taxes/fees ($22-$250),active,amex,business,amex_delta_skymiles_platinum_business,amex_delta_skymiles_platinum_business_companion_certificate
Delta SkyMiles Gold Business,Delta Stays Credit,Up to $150/year,annual,calendar year,no,yes,yes,https://www.americanexpress.com/en-us/business/credit-cards/delta-skymiles-gold/,Prepaid hotels/vacation rentals via Delta Stays on delta.com,active,amex,business,amex_delta_skymiles_gold_business,amex_delta_skymiles_gold_business_delta_stays_credit
Delta SkyMiles Gold Business,$200 Delta Flight Credit (after $10K spend),$200/year,annual,calendar year,no,yes,later,https://www.americanexpress.com/en-us/business/credit-cards/delta-skymiles-gold/,Threshold: spend $10K in eligible purchases in calendar year to unlock $200 Delta eCredit,active,amex,business,amex_delta_skymiles_gold_business,amex_delta_skymiles_gold_business_200_delta_flight_credit_after_10k_spend
Delta SkyMiles Blue,,,,,,,,https://www.americanexpress.com/en-us/credit-cards/credit-intel/types-of-delta-credit-cards/,No trackable use-it-or-lose-it credits; 20% in-flight rebate and Pay With Miles only,no_trackable_benefits,amex,personal,amex_delta_skymiles_blue,
Hilton Honors Aspire,Hilton Resort Credit,Up to $200 semiannually ($400/year),semiannual,Jan-Jun / Jul-Dec,no,yes,yes,https://www.americanexpress.com/us/credit-cards/card-application/apply/prospect/terms/hilton-honors-aspire-credit-card/25330-10-0,Eligible purchases at participating Hilton Resorts,active,amex,personal,amex_hilton_honors_aspire,amex_hilton_honors_aspire_hilton_resort_credit
Hilton Honors Aspire,Flight Credit,Up to $50/quarter ($200/year),quarterly,calendar quarter,no,yes,yes,https://www.americanexpress.com/en-us/credit-cards/credit-intel/amex-hilton-cards/,Flights booked directly with airline or via amextravel.com,active,amex,personal,amex_hilton_honors_aspire,amex_hilton_honors_aspire_flight_credit
Hilton Honors Aspire,CLEAR Plus Credit,Up to $209/year,annual,calendar year,no,yes,yes,https://www.americanexpress.com/en-us/credit-cards/credit-intel/amex-hilton-cards/,Covers full CLEAR Plus membership; subject to auto-renewal,active,amex,personal,amex_hilton_honors_aspire,amex_hilton_honors_aspire_clear_plus_credit
Hilton Honors Aspire,Annual Free Night Reward,1 night/year,annual,card renewal anniversary,no,yes,yes,https://www.americanexpress.com/us/credit-cards/card-application/apply/prospect/terms/hilton-honors-aspire-credit-card/25330-10-0,Issued each year upon card renewal,active,amex,personal,amex_hilton_honors_aspire,amex_hilton_honors_aspire_annual_free_night_reward
Hilton Honors Aspire,Free Night Reward (after $30K spend),1 night/year,annual,calendar year,no,yes,later,https://www.americanexpress.com/en-us/credit-cards/credit-intel/amex-hilton-cards/,Threshold: $30K calendar-year spend unlocks bonus night,active,amex,personal,amex_hilton_honors_aspire,amex_hilton_honors_aspire_free_night_reward_after_30k_spend
Hilton Honors Aspire,Free Night Reward (after $60K spend),1 night/year,annual,calendar year,no,yes,later,https://www.americanexpress.com/en-us/credit-cards/credit-intel/amex-hilton-cards/,Threshold: additional $30K (total $60K) calendar-year spend unlocks 2nd bonus night,active,amex,personal,amex_hilton_honors_aspire,amex_hilton_honors_aspire_free_night_reward_after_60k_spend
Hilton Honors Surpass,Hilton Credit,Up to $50/quarter ($200/year),quarterly,calendar quarter,no,yes,yes,https://www.americanexpress.com/us/credit-cards/card/hilton-honors-surpass/,Eligible purchases made directly with Hilton portfolio properties,active,amex,personal,amex_hilton_honors_surpass,amex_hilton_honors_surpass_hilton_credit
Hilton Honors Surpass,Free Night Reward (after $15K spend),1 night/year,annual,calendar year,no,yes,later,https://www.americanexpress.com/en-us/account/get-started/hiltonsurpass/uncover-your-benefits,Threshold: $15K calendar-year spend unlocks Free Night Reward,active,amex,personal,amex_hilton_honors_surpass,amex_hilton_honors_surpass_free_night_reward_after_15k_spend
Hilton Honors Business,Hilton Credit,Up to $60/quarter ($240/year),quarterly,calendar quarter,no,yes,yes,https://www.americanexpress.com/us/credit-cards/business/business-credit-cards/hilton-honors/,Eligible purchases made directly with Hilton portfolio properties,active,amex,business,amex_hilton_honors_business,amex_hilton_honors_business_hilton_credit
Hilton Honors Business,Free Night Reward (after $15K spend),1 night/year,annual,calendar year,no,yes,later,https://www.americanexpress.com/us/credit-cards/business/business-credit-cards/hilton-honors/,Threshold: $15K calendar-year spend unlocks Free Night Reward,active,amex,business,amex_hilton_honors_business,amex_hilton_honors_business_free_night_reward_after_15k_spend
Hilton Honors Business,Free Night Reward (after $60K spend),1 night/year,annual,calendar year,no,yes,later,https://www.americanexpress.com/us/credit-cards/business/business-credit-cards/hilton-honors/,Threshold: additional $45K (total $60K) calendar-year spend unlocks 2nd Free Night,active,amex,business,amex_hilton_honors_business,amex_hilton_honors_business_free_night_reward_after_60k_spend
Hilton Honors,,,,,,,,https://www.americanexpress.com/us/credit-cards/card/hilton-honors/,No trackable use-it-or-lose-it credits; only Silver status and spend-based Gold status path,no_trackable_benefits,amex,personal,amex_hilton_honors,
Marriott Bonvoy Brilliant,Dining Credit,Up to $25/month ($300/year),monthly,calendar month,no,yes,yes,https://www.americanexpress.com/us/credit-cards/card-application/apply/prospect/terms/marriott-bonvoy-brilliant-card/26129-10-0,"Eligible restaurant purchases worldwide; excludes bars, nightclubs, grocery, etc.",active,amex,personal,amex_marriott_bonvoy_brilliant,amex_marriott_bonvoy_brilliant_dining_credit
Marriott Bonvoy Brilliant,Annual Free Night Award,1 night/year (up to 85K points),annual,card renewal anniversary,no,yes,yes,https://www.americanexpress.com/us/credit-cards/card/marriott-bonvoy-brilliant/,Issued each year after card renewal,active,amex,personal,amex_marriott_bonvoy_brilliant,amex_marriott_bonvoy_brilliant_annual_free_night_award
Marriott Bonvoy Brilliant,Global Entry / TSA PreCheck Credit,$120 (GE) or up to $85 (PreCheck),multi_year,every 4 years,no,yes,yes,https://www.americanexpress.com/us/credit-cards/card/marriott-bonvoy-brilliant/,One application fee credit per 4-year period,active,amex,personal,amex_marriott_bonvoy_brilliant,amex_marriott_bonvoy_brilliant_global_entry_tsa_precheck_credit
Marriott Bonvoy Business,Annual Free Night Award,1 night/year (up to 35K points),annual,card renewal anniversary,no,yes,yes,https://www.americanexpress.com/us/credit-cards/business/business-credit-cards/amex-marriott-bonvoy-business-credit-card/,Issued each year after card renewal month,active,amex,business,amex_marriott_bonvoy_business,amex_marriott_bonvoy_business_annual_free_night_award
Marriott Bonvoy Business,Additional Free Night Award (after $60K spend),1 night/year (up to 35K points),annual,calendar year,no,yes,later,https://www.americanexpress.com/us/credit-cards/business/business-credit-cards/amex-marriott-bonvoy-business-credit-card/,Threshold: $60K calendar-year spend unlocks 2nd Free Night,active,amex,business,amex_marriott_bonvoy_business,amex_marriott_bonvoy_business_additional_free_night_award_after_60k_spend
Hilton Honors Aspire,Waldorf Astoria / Conrad Property Credit,$100 per booking,per_booking,per qualifying booking,no,yes,later,https://www.americanexpress.com/us/credit-cards/card-application/apply/prospect/terms/hilton-honors-aspire-credit-card/25330-10-0,Per-stay credit on 2-night minimum bookings at Waldorf Astoria or Conrad properties; no annual cap,active,amex,personal,amex_hilton_honors_aspire,amex_hilton_honors_aspire_waldorf_astoria_conrad_property_credit
Marriott Bonvoy Brilliant,Ritz-Carlton / St. Regis Property Credit,$100 per booking,per_booking,per qualifying booking,no,yes,later,https://www.americanexpress.com/us/credit-cards/card-application/apply/prospect/terms/marriott-bonvoy-brilliant-card/26129-10-0,Per-stay credit on 2-night minimum bookings using Luxury Credit Card Rate at Ritz-Carlton or St. Regis; no annual cap,active,amex,personal,amex_marriott_bonvoy_brilliant,amex_marriott_bonvoy_brilliant_ritz_carlton_st_regis_property_credit
Blue Business Plus,,,,,,,,https://www.americanexpress.com/us/credit-cards/business/business-credit-cards/american-express-blue-business-plus-credit-card-amex/,No trackable use-it-or-lose-it credits; 2X Membership Rewards on first $50K/year only,no_trackable_benefits,amex,business,amex_blue_business_plus,
Blue Business Cash,,,,,,,,https://www.americanexpress.com/en-us/business/credit-cards/blue-business-cash/,No trackable use-it-or-lose-it credits; 2% cashback on first $50K/year only,no_trackable_benefits,amex,business,amex_blue_business_cash,
Business Green Rewards,,,,,,,,https://www.americanexpress.com/us/credit-cards/business/business-credit-cards/,No trackable use-it-or-lose-it credits; charge card with 2X on Amex Travel only,no_trackable_benefits,amex,business,amex_business_green_rewards,
Amex Platinum,Uber Cash,$15/month + $20 December bonus ($200/year),monthly,calendar month,yes,yes,yes,https://www.americanexpress.com/en-us/credit-cards/credit-intel/how-does-the-american-express-platinum-uber-credit-work/,Add card to Uber account; U.S. rides and orders only.,active,amex,personal,amex_platinum,amex_platinum_uber_cash
Amex Platinum,Digital Entertainment Credit,$25/month ($300/year),monthly,calendar month,yes,yes,yes,https://www.americanexpress.com/en-us/credit-cards/credit-intel/how-does-the-amex-platinum-digital-entertainment-credit-work/,Eligible U.S. partners only; direct purchases required.,active,amex,personal,amex_platinum,amex_platinum_digital_entertainment_credit
Amex Platinum,Walmart+ Membership Credit,Up to $12.95/month + tax (up to $155/year),monthly,calendar month,no,yes,yes,https://www.americanexpress.com/en-us/credit-cards/credit-intel/american-express-platinum-shopping-benefits/,Monthly membership only; Plus Ups excluded.,active,amex,personal,amex_platinum,amex_platinum_walmart_membership_credit
Amex Platinum,Equinox Credit,Up to $300/year,annual,calendar year,yes,yes,yes,https://www.americanexpress.com/en-us/credit-cards/credit-intel/american-express-platinum-shopping-benefits/,"Modeling question: backend currently stores this as monthly, but the public benefit is an annual cap.",active,amex,personal,amex_platinum,amex_platinum_equinox_credit
Amex Platinum,lululemon Credit,$75/quarter ($300/year),quarterly,calendar quarter,yes,yes,yes,https://www.americanexpress.com/en-us/credit-cards/credit-intel/american-express-platinum-shopping-benefits/,Eligible U.S. lululemon stores excluding outlets and lululemon.com.,active,amex,personal,amex_platinum,amex_platinum_lululemon_credit
Amex Platinum,Resy Credit,$100/quarter ($400/year),quarterly,calendar quarter,yes,yes,yes,https://www.americanexpress.com/en-us/credit-cards/credit-intel/resy-credit/,Eligible U.S. Resy restaurants and other eligible Resy purchases.,active,amex,personal,amex_platinum,amex_platinum_resy_credit
Amex Platinum,Saks Fifth Avenue Credit,$50 semiannually ($100/year),semiannual,Jan-Jun / Jul-Dec,yes,yes,yes,https://www.americanexpress.com/en-us/credit-cards/credit-intel/your-guide-to-the-amex-platinum-saks-credit/,,active,amex,personal,amex_platinum,amex_platinum_saks_fifth_avenue_credit
Amex Platinum,Airline Fee Credit,Up to $200/year,annual,calendar year,yes,yes,yes,https://www.americanexpress.com/en-us/credit-cards/credit-intel/using-your-american-express-platinum-airline-credit/,"Selected airline only; incidental fees only, not airfare.",active,amex,personal,amex_platinum,amex_platinum_airline_fee_credit
Amex Platinum,CLEAR Plus Credit,Up to $209/year,annual,calendar year,yes,yes,yes,https://www.americanexpress.com/en-us/travel/benefits/clear/,Annual CLEAR+ membership only.,active,amex,personal,amex_platinum,amex_platinum_clear_plus_credit
Amex Platinum,Hotel Credit (FHR / Hotel Collection),Up to $300 semiannually ($600/year),semiannual,Jan-Jun / Jul-Dec,no,yes,yes,https://www.americanexpress.com/en-us/travel/benefits/how-to-use-hotel-credit,Prepaid Amex Travel booking required; The Hotel Collection requires a 2-night minimum stay.,active,amex,personal,amex_platinum,amex_platinum_hotel_credit_fhr_hotel_collection
Amex Platinum,Uber One Credit,Up to $120/year,annual,calendar year,no,yes,yes,https://www.americanexpress.com/en-us/credit-cards/credit-intel/how-does-the-american-express-platinum-uber-credit-work/,Auto-renewing Uber One membership.,active,amex,personal,amex_platinum,amex_platinum_uber_one_credit
Amex Platinum,Oura Ring Credit,Up to $200/year,annual,calendar year,yes,yes,yes,https://www.americanexpress.com/en-us/credit-cards/credit-intel/american-express-platinum-shopping-benefits/,Purchases at Ouraring.com only.,active,amex,personal,amex_platinum,amex_platinum_oura_ring_credit
Amex Platinum,Global Entry / TSA PreCheck Credit,Up to $120 Global Entry or up to $85 TSA PreCheck,multi_year,every 4 years,no,yes,yes,https://www.americanexpress.com/en-us/benefits/travel/expedite-your-travel/,"Modeling question: backend currently stores this as annual, but the public benefit resets every 4 years.; modeled as multi_year/every 4 years for consistency with other Amex cards",active,amex,personal,amex_platinum,amex_platinum_global_entry_tsa_precheck_credit
Chase Sapphire Reserve,Annual Travel Credit,Up to $300/year,annual,card renewal anniversary,no,no,yes,https://account.chase.com/sapphire/reserve/benefits,Auto-applied to travel category purchases. Resets each account anniversary year not calendar year.,active,chase,personal,chase_sapphire_reserve,chase_sapphire_reserve_annual_travel_credit
Chase Sapphire Reserve,The Edit Credit,Up to $500/year (max $250/transaction),annual,calendar year,no,no,yes,https://account.chase.com/sapphire/reserve/benefits,Prepaid bookings via The Edit by Chase Travel only. 2-night minimum. Refreshed format starting Jan 1 2026; previously $250 Jan-Jun / $250 Jul-Dec semiannual.,active,chase,personal,chase_sapphire_reserve,chase_sapphire_reserve_the_edit_credit
Chase Sapphire Reserve,Select Chase Travel Hotel Credit,Up to $250/year,annual,calendar year,no,no,yes,https://account.chase.com/sapphire/reserve/benefits,"Prepaid Chase Travel bookings at IHG, Montage, Pendry, Omni, Virgin, Minor, Pan Pacific. 2-night min. Promo expires 12/31/26 — flag for re-research late 2026.",active,chase,personal,chase_sapphire_reserve,chase_sapphire_reserve_select_chase_travel_hotel_credit
Chase Sapphire Reserve,Annual Dining Credit (Sapphire Reserve Exclusive Tables),Up to $150/half ($300/year),semiannual,Jan-Jun / Jul-Dec,no,yes,yes,https://account.chase.com/sapphire/reserve/benefits,Requires linking Reserve card to OpenTable and booking via Sapphire Reserve Exclusive Tables.,active,chase,personal,chase_sapphire_reserve,chase_sapphire_reserve_annual_dining_credit_sapphire_reserve_exclusive_tables
Chase Sapphire Reserve,StubHub/viagogo Credit,Up to $150/half ($300/year),semiannual,Jan-Jun / Jul-Dec,yes,yes,yes,https://account.chase.com/sapphire/reserve/benefits,Activation required. Through 12/31/27.,active,chase,personal,chase_sapphire_reserve,chase_sapphire_reserve_stubhub_viagogo_credit
Chase Sapphire Reserve,DoorDash Restaurant Credit,$5/month ($60/year),monthly,calendar month,yes,yes,yes,https://account.chase.com/sapphire/reserve/benefits,Requires DashPass activation. Restaurant orders only. Through 12/31/27.,active,chase,personal,chase_sapphire_reserve,chase_sapphire_reserve_doordash_restaurant_credit
Chase Sapphire Reserve,DoorDash Non-Restaurant Credit (Promo 1),$10/month ($120/year),monthly,calendar month,yes,yes,yes,https://account.chase.com/sapphire/reserve/benefits,Requires DashPass activation. First of two $10 monthly promos on non-restaurant orders. Must be used on a separate order from Promo 2. Unused forfeits at month end. Through 12/31/27.,active,chase,personal,chase_sapphire_reserve,chase_sapphire_reserve_doordash_non_restaurant_credit_promo_1
Chase Sapphire Reserve,DoorDash Non-Restaurant Credit (Promo 2),$10/month ($120/year),monthly,calendar month,yes,yes,yes,https://account.chase.com/sapphire/reserve/benefits,Requires DashPass activation. Second of two $10 monthly promos on non-restaurant orders. Must be used on a separate order from Promo 1. Unused forfeits at month end. Through 12/31/27.,active,chase,personal,chase_sapphire_reserve,chase_sapphire_reserve_doordash_non_restaurant_credit_promo_2
Chase Sapphire Reserve,Lyft In-App Credit,$10/month ($120/year),monthly,calendar month,no,yes,yes,https://account.chase.com/sapphire/reserve/benefits,Card must be set as Lyft default payment. Credit appears in Lyft app on the 1st of each month and forfeits if unused. Through 9/30/27.,active,chase,personal,chase_sapphire_reserve,chase_sapphire_reserve_lyft_in_app_credit
Chase Sapphire Reserve,Peloton Membership Credit,$10/month ($120/year),monthly,calendar month,yes,yes,yes,https://account.chase.com/sapphire/reserve/benefits,One-time activation required. Applies to All-Access/Rental/App+/App One/Strength+/Guide memberships paid directly through Peloton with the Reserve card. Through 12/31/27.,active,chase,personal,chase_sapphire_reserve,chase_sapphire_reserve_peloton_membership_credit
Chase Sapphire Reserve,Global Entry / TSA PreCheck / NEXUS Fee Credit,Up to $120 every 4 years,multi_year,every 4 years,no,no,yes,https://account.chase.com/sapphire/reserve/benefits,Statement credit auto-applied when application fee charged to card.,active,chase,personal,chase_sapphire_reserve,chase_sapphire_reserve_global_entry_tsa_precheck_nexus_fee_credit
Chase Sapphire Reserve,$75K Spend Threshold Benefits,Status + credits with travel/shopping brands,annual,calendar year,yes,yes,later,https://account.chase.com/sapphire/reserve/benefits,Spend $75K in calendar year to unlock; benefits available through following calendar year. Spend-threshold pattern doesn't fit clean periodic tracking yet.,active,chase,personal,chase_sapphire_reserve,chase_sapphire_reserve_75k_spend_threshold_benefits
Chase Sapphire Preferred,Annual Hotel Credit (Chase Travel),Up to $50/year,annual,card renewal anniversary,no,no,yes,https://account.chase.com/sapphire/preferred/benefits,Auto-applied to hotel stays booked through Chase Travel. Resets each account anniversary year.,active,chase,personal,chase_sapphire_preferred,chase_sapphire_preferred_annual_hotel_credit_chase_travel
Chase Sapphire Preferred,DoorDash Non-Restaurant Credit,$10/month ($120/year),monthly,calendar month,yes,yes,yes,https://account.chase.com/sapphire/preferred/benefits,Requires DashPass activation. One $10 promo per month on a non-restaurant order. Unused forfeits at month end. Through 12/31/27.,active,chase,personal,chase_sapphire_preferred,chase_sapphire_preferred_doordash_non_restaurant_credit
Chase Sapphire Preferred,10% Anniversary Points Boost,10% of prior year's purchase points,annual,card renewal anniversary,no,no,no,https://account.chase.com/sapphire/preferred/benefits,Auto-deposited each anniversary based on prior year's spend. Not use-it-or-lose-it; no user action required to claim.,active,chase,personal,chase_sapphire_preferred,chase_sapphire_preferred_10_anniversary_points_boost
Chase Freedom Unlimited,DoorDash Non-Restaurant Credit,$10/quarter ($40/year),quarterly,calendar quarter,yes,yes,yes,https://creditcards.chase.com/cash-back-credit-cards/freedom/unlimited,Requires DashPass activation. One $10 promo per quarter on a non-restaurant order. Unused forfeits at quarter end. Through 12/31/27.,active,chase,personal,chase_freedom_unlimited,chase_freedom_unlimited_doordash_non_restaurant_credit
Chase Freedom Flex,DoorDash Non-Restaurant Credit,$10/quarter ($40/year),quarterly,calendar quarter,yes,yes,yes,https://creditcards.chase.com/cash-back-credit-cards/freedom/flex,Requires DashPass activation. One $10 promo per quarter on a non-restaurant order. Unused forfeits at quarter end. Through 12/31/27.,active,chase,personal,chase_freedom_flex,chase_freedom_flex_doordash_non_restaurant_credit
Marriott Bonvoy Boundless,Annual Free Night Award,1 night/year (up to 35K points),annual,card renewal anniversary,no,no,yes,https://marriott.chase.com/boundless/benefits,Issued each year after account anniversary; FNA expires 12 months from issuance. Can be combined with up to 15K points to access higher-tier hotels.,active,chase,personal,chase_marriott_bonvoy_boundless,chase_marriott_bonvoy_boundless_annual_free_night_award
Marriott Bonvoy Boundless,2026 Airline Credit,"Up to $50/half ($100/year, after $250 spend each half)",semiannual,Jan-Jun / Jul-Dec,yes,yes,later,https://marriott.chase.com/boundless/benefits,2026-only Featured Offer; activation required. Earn $50 credit after $250 in eligible airline spend each half. Spend-threshold pattern doesn't fit clean periodic tracking yet. Through 12/31/26 — re-research late 2026; could shift to 'yes' per convention #8 (time-limited promo) if threshold treatment changes.,active,chase,personal,chase_marriott_bonvoy_boundless,chase_marriott_bonvoy_boundless_2026_airline_credit
Marriott Bonvoy Bold,,,,,,,,https://marriott.chase.com/bold/benefits,"No-AF card with no durable use-it-or-lose-it benefits. Auto Silver Elite status (passive), 5 auto-deposited ENCs per calendar year (passive), 1-year complimentary DashPass (one-time/excluded), and Pay Yourself Back redemption option (not a credit). All categorically excluded.",no_trackable_benefits,chase,personal,chase_marriott_bonvoy_bold,
Marriott Bonvoy Bountiful,Free Night Award (after $15K spend),1 night/year (up to 50K points),annual,calendar year,no,no,later,https://marriott.chase.com/bountiful/benefits,"Threshold: $15K calendar-year spend unlocks the FNA. FNA expires 12 months from issuance and can be combined with up to 25K points. Spend-threshold pattern doesn't fit clean periodic tracking yet. This is the only candidate trackable benefit on the card; auto Gold Elite, 15 auto-deposited ENCs, and 1K bonus points/stay are all passive/excluded.",active,chase,personal,chase_marriott_bonvoy_bountiful,chase_marriott_bonvoy_bountiful_free_night_award_after_15k_spend
IHG One Rewards Premier,Anniversary Free Night,1 night/year (up to 40K points),annual,card renewal anniversary,no,no,yes,https://www.chase.com/personal/credit-cards/ihg/premier/premier-perks,Issued each year after card anniversary. Can be topped off with own IHG One Rewards points to redeem at hotels above the 40K redemption level.,active,chase,personal,chase_ihg_one_rewards_premier,chase_ihg_one_rewards_premier_anniversary_free_night
IHG One Rewards Premier,Global Entry / TSA PreCheck / NEXUS Fee Credit,Up to $120 every 4 years,multi_year,every 4 years,no,no,yes,https://www.chase.com/personal/credit-cards/ihg/premier/premier-perks,Statement credit auto-applied when application fee charged to card.,active,chase,personal,chase_ihg_one_rewards_premier,chase_ihg_one_rewards_premier_global_entry_tsa_precheck_nexus_fee_credit
IHG One Rewards Premier,United TravelBank Cash,Up to $50/year,annual,calendar year,yes,yes,yes,https://www.chase.com/personal/credit-cards/ihg/premier/premier-perks,"One-time enrollment: register IHG Premier card with MileagePlus account. After registration, $50 in TravelBank Cash issued each calendar year.",active,chase,personal,chase_ihg_one_rewards_premier,chase_ihg_one_rewards_premier_united_travelbank_cash
IHG One Rewards Premier,$20K Spend Bonus,"$100 statement credit + 10,000 bonus points",annual,calendar year,no,no,later,https://www.chase.com/personal/credit-cards/ihg/premier/premier-perks,Threshold: $20K calendar-year spend unlocks $100 credit + 10K bonus points. Spend-threshold pattern doesn't fit clean periodic tracking yet.,active,chase,personal,chase_ihg_one_rewards_premier,chase_ihg_one_rewards_premier_20k_spend_bonus
United Explorer,2 United Club One-Time Passes,2 passes/year,annual,card renewal anniversary,no,no,yes,https://www.chase.com/personal/credit-cards/united/united-explorer-card/travel-benefits,Issued on account opening and each anniversary. Each pass has its own expiration date printed on it.,active,chase,personal,chase_united_explorer,chase_united_explorer_2_united_club_one_time_passes
United Explorer,Global Entry / TSA PreCheck / NEXUS Fee Credit,Up to $120 every 4 years,multi_year,every 4 years,no,no,yes,https://www.chase.com/personal/credit-cards/united/united-explorer-card/travel-benefits,Statement credit auto-applied when application fee charged to card.,active,chase,personal,chase_united_explorer,chase_united_explorer_global_entry_tsa_precheck_nexus_fee_credit
United Explorer,United Hotels Credit (Stay 1),$50/year,annual,card renewal anniversary,no,no,yes,https://www.chase.com/personal/credit-cards/united/united-explorer-card/travel-benefits,First of two $50 statement credits per anniversary year on prepaid hotel stays through United Hotels. Tied to the 1st qualifying prepaid stay each anniversary year.,active,chase,personal,chase_united_explorer,chase_united_explorer_united_hotels_credit_stay_1
United Explorer,United Hotels Credit (Stay 2),$50/year,annual,card renewal anniversary,no,no,yes,https://www.chase.com/personal/credit-cards/united/united-explorer-card/travel-benefits,Second of two $50 statement credits per anniversary year on prepaid hotel stays through United Hotels. Tied to the 2nd qualifying prepaid stay each anniversary year.,active,chase,personal,chase_united_explorer,chase_united_explorer_united_hotels_credit_stay_2
United Explorer,Avis/Budget Car Rental Credit (Rental 1),$25/year,annual,card renewal anniversary,no,no,yes,https://www.chase.com/personal/credit-cards/united/united-explorer-card/travel-benefits,First of two $25 TravelBank cash credits per anniversary year on Avis/Budget rentals booked through cars.united.com. Tied to the 1st qualifying rental each anniversary year.,active,chase,personal,chase_united_explorer,chase_united_explorer_avis_budget_car_rental_credit_rental_1
United Explorer,Avis/Budget Car Rental Credit (Rental 2),$25/year,annual,card renewal anniversary,no,no,yes,https://www.chase.com/personal/credit-cards/united/united-explorer-card/travel-benefits,Second of two $25 TravelBank cash credits per anniversary year on Avis/Budget rentals booked through cars.united.com. Tied to the 2nd qualifying rental each anniversary year.,active,chase,personal,chase_united_explorer,chase_united_explorer_avis_budget_car_rental_credit_rental_2
United Explorer,Rideshare Credit,Up to $5/month ($60/year),monthly,calendar month,yes,yes,yes,https://www.chase.com/personal/credit-cards/united/united-explorer-card/travel-benefits,Yearly opt-in required. Up to $5/month statement credit on rideshare purchases; calendar-year cap of $60.,active,chase,personal,chase_united_explorer,chase_united_explorer_rideshare_credit
United Explorer,Instacart Credit,$10/month ($120/year),monthly,calendar month,yes,yes,yes,https://www.chase.com/personal/credit-cards/united/united-explorer-card/travel-benefits,Requires Instacart+ membership activation. Through 12/31/27 - re-research before expiration.,active,chase,personal,chase_united_explorer,chase_united_explorer_instacart_credit
United Explorer,JSX Credit,Up to $100/year,annual,card renewal anniversary,no,no,yes,https://www.chase.com/personal/credit-cards/united/united-explorer-card/travel-benefits,Statement credit on flights booked directly with JSX.,active,chase,personal,chase_united_explorer,chase_united_explorer_jsx_credit
United Explorer,$10K Spend Bonus ($100 TravelBank Cash),$100 in United TravelBank cash,annual,calendar year,no,no,later,https://www.chase.com/personal/credit-cards/united/united-explorer-card/travel-benefits,Threshold: $10K calendar-year spend unlocks $100 TravelBank cash. Spend-threshold pattern doesn't fit clean periodic tracking yet.,active,chase,personal,chase_united_explorer,chase_united_explorer_10k_spend_bonus_100_travelbank_cash
United Explorer,$20K Spend Bonus (10K Award Flight Discount),"10,000-mile award flight discount",annual,calendar year,no,no,later,https://www.chase.com/personal/credit-cards/united/united-explorer-card/travel-benefits,Threshold: $20K calendar-year spend unlocks 10K-mile discount on an eligible award flight. Spend-threshold pattern doesn't fit clean periodic tracking yet.,active,chase,personal,chase_united_explorer,chase_united_explorer_20k_spend_bonus_10k_award_flight_discount
United Quest,$200 Annual Travel Credit,Up to $200/year,annual,card renewal anniversary,no,no,yes,https://www.chase.com/personal/credit-cards/united/united-quest-card/travel-benefits,Auto-deposited as United TravelBank cash on account opening and each anniversary. TravelBank cash typically expires 5 years from issuance.,active,chase,personal,chase_united_quest,chase_united_quest_200_annual_travel_credit
United Quest,10K Anniversary Award Flight Discount,"10,000-mile discount",annual,card renewal anniversary,no,no,yes,https://www.chase.com/personal/credit-cards/united/united-quest-card/travel-benefits,"Auto-deposited within 4 weeks of each card anniversary, starting with 1st anniversary. Use on eligible award flight before expiration.",active,chase,personal,chase_united_quest,chase_united_quest_10k_anniversary_award_flight_discount
United Quest,Global Entry / TSA PreCheck / NEXUS Fee Credit,Up to $120 every 4 years,multi_year,every 4 years,no,no,yes,https://www.chase.com/personal/credit-cards/united/united-quest-card/travel-benefits,Statement credit auto-applied when application fee charged to card.,active,chase,personal,chase_united_quest,chase_united_quest_global_entry_tsa_precheck_nexus_fee_credit
United Quest,Renowned Hotels Anniversary Credit,Up to $150/year,annual,card renewal anniversary,no,no,yes,https://www.chase.com/personal/credit-cards/united/united-quest-card/travel-benefits,Statement credit on prepaid bookings through Renowned Hotels and Resorts for United Cardmembers.,active,chase,personal,chase_united_quest,chase_united_quest_renowned_hotels_anniversary_credit
United Quest,Renowned Hotels Property Credit,$100 per qualifying booking,per_booking,per qualifying booking,no,no,later,https://www.chase.com/personal/credit-cards/united/united-quest-card/travel-benefits,Per-booking property credit (dining/spa/activities) at Renowned Hotels properties booked with the card. No annual cap noted. Per-booking pattern doesn't fit clean periodic tracking yet.,active,chase,personal,chase_united_quest,chase_united_quest_renowned_hotels_property_credit
United Quest,Rideshare Credit,"Up to $100/year ($8/mo Jan-Nov, $12 in Dec)",monthly,calendar month,yes,yes,yes,https://www.chase.com/personal/credit-cards/united/united-quest-card/travel-benefits,"Yearly opt-in required. Non-uniform monthly amounts: $8/month Jan-Nov, $12 in Dec. $100 calendar-year cap.",active,chase,personal,chase_united_quest,chase_united_quest_rideshare_credit
United Quest,Avis/Budget Car Rental Credit (Rental 1),$40/year,annual,card renewal anniversary,no,no,yes,https://www.chase.com/personal/credit-cards/united/united-quest-card/travel-benefits,First of two $40 TravelBank cash credits per anniversary year on Avis/Budget rentals booked through cars.united.com. Tied to the 1st qualifying rental each anniversary year.,active,chase,personal,chase_united_quest,chase_united_quest_avis_budget_car_rental_credit_rental_1
United Quest,Avis/Budget Car Rental Credit (Rental 2),$40/year,annual,card renewal anniversary,no,no,yes,https://www.chase.com/personal/credit-cards/united/united-quest-card/travel-benefits,Second of two $40 TravelBank cash credits per anniversary year on Avis/Budget rentals booked through cars.united.com. Tied to the 2nd qualifying rental each anniversary year.,active,chase,personal,chase_united_quest,chase_united_quest_avis_budget_car_rental_credit_rental_2
United Quest,JSX Credit,Up to $150/year,annual,card renewal anniversary,no,no,yes,https://www.chase.com/personal/credit-cards/united/united-quest-card/travel-benefits,Statement credit on flights booked directly with JSX.,active,chase,personal,chase_united_quest,chase_united_quest_jsx_credit
United Quest,Instacart Credit (Promo 1),$10/month ($120/year),monthly,calendar month,yes,yes,yes,https://www.chase.com/personal/credit-cards/united/united-quest-card/travel-benefits,Requires Instacart+ membership activation. First of two monthly Instacart credits ($10 + $5 = $15/month). Through 12/31/27.,active,chase,personal,chase_united_quest,chase_united_quest_instacart_credit_promo_1
United Quest,Instacart Credit (Promo 2),$5/month ($60/year),monthly,calendar month,yes,yes,yes,https://www.chase.com/personal/credit-cards/united/united-quest-card/travel-benefits,Requires Instacart+ membership activation. Second of two monthly Instacart credits ($10 + $5 = $15/month). Through 12/31/27.,active,chase,personal,chase_united_quest,chase_united_quest_instacart_credit_promo_2
United Quest,$20K Spend Bonus (10K Award Flight Discount),"10,000-mile award flight discount",annual,calendar year,no,no,later,https://www.chase.com/personal/credit-cards/united/united-quest-card/travel-benefits,Threshold: $20K calendar-year spend unlocks 10K-mile discount on an eligible award flight. Spend-threshold pattern doesn't fit clean periodic tracking yet.,active,chase,personal,chase_united_quest,chase_united_quest_20k_spend_bonus_10k_award_flight_discount
United Quest,$40K Spend Bonus (2 Economy Plus Upgrades),2 global Economy Plus seat upgrades,annual,calendar year,no,no,later,https://www.chase.com/personal/credit-cards/united/united-quest-card/travel-benefits,Threshold: $40K calendar-year spend unlocks 2 global Economy Plus seat upgrades. Spend-threshold pattern doesn't fit clean periodic tracking yet.,active,chase,personal,chase_united_quest,chase_united_quest_40k_spend_bonus_2_economy_plus_upgrades
United Club Infinite,Global Entry / TSA PreCheck / NEXUS Fee Credit,Up to $120 every 4 years,multi_year,every 4 years,no,no,yes,https://www.chase.com/personal/credit-cards/united/united-visa-infinite-card/travel-benefits,Statement credit auto-applied when application fee charged to card.,active,chase,personal,chase_united_club_infinite,chase_united_club_infinite_global_entry_tsa_precheck_nexus_fee_credit
United Club Infinite,Renowned Hotels Anniversary Credit,Up to $200/year,annual,card renewal anniversary,no,no,yes,https://www.chase.com/personal/credit-cards/united/united-visa-infinite-card/travel-benefits,Statement credit on prepaid bookings through Renowned Hotels and Resorts for United Cardmembers.,active,chase,personal,chase_united_club_infinite,chase_united_club_infinite_renowned_hotels_anniversary_credit
United Club Infinite,Renowned Hotels Property Credit,$100 per qualifying booking,per_booking,per qualifying booking,no,no,later,https://www.chase.com/personal/credit-cards/united/united-visa-infinite-card/travel-benefits,Per-booking property credit (dining/spa/activities) at Renowned Hotels properties booked with the card. No annual cap noted. Per-booking pattern doesn't fit clean periodic tracking yet.,active,chase,personal,chase_united_club_infinite,chase_united_club_infinite_renowned_hotels_property_credit
United Club Infinite,Rideshare Credit,"Up to $150/year ($12/mo Jan-Nov, $18 in Dec)",monthly,calendar month,yes,yes,yes,https://www.chase.com/personal/credit-cards/united/united-visa-infinite-card/travel-benefits,"Yearly opt-in required. Non-uniform monthly amounts: $12/month Jan-Nov, $18 in Dec. $150 calendar-year cap.",active,chase,personal,chase_united_club_infinite,chase_united_club_infinite_rideshare_credit
United Club Infinite,Avis/Budget Car Rental Credit (Rental 1),$50/year,annual,card renewal anniversary,no,no,yes,https://www.chase.com/personal/credit-cards/united/united-visa-infinite-card/travel-benefits,First of two $50 TravelBank cash credits per anniversary year on Avis/Budget rentals booked through cars.united.com. Tied to the 1st qualifying rental each anniversary year.,active,chase,personal,chase_united_club_infinite,chase_united_club_infinite_avis_budget_car_rental_credit_rental_1
United Club Infinite,Avis/Budget Car Rental Credit (Rental 2),$50/year,annual,card renewal anniversary,no,no,yes,https://www.chase.com/personal/credit-cards/united/united-visa-infinite-card/travel-benefits,Second of two $50 TravelBank cash credits per anniversary year on Avis/Budget rentals booked through cars.united.com. Tied to the 2nd qualifying rental each anniversary year.,active,chase,personal,chase_united_club_infinite,chase_united_club_infinite_avis_budget_car_rental_credit_rental_2
United Club Infinite,JSX Credit,Up to $200/year,annual,card renewal anniversary,no,no,yes,https://www.chase.com/personal/credit-cards/united/united-visa-infinite-card/travel-benefits,Statement credit on flights booked directly with JSX.,active,chase,personal,chase_united_club_infinite,chase_united_club_infinite_jsx_credit
United Club Infinite,Instacart Credit (Promo 1),$10/month ($120/year),monthly,calendar month,yes,yes,yes,https://www.chase.com/personal/credit-cards/united/united-visa-infinite-card/travel-benefits,Requires Instacart+ membership activation. First of two monthly $10 Instacart credits. Through 12/31/27.,active,chase,personal,chase_united_club_infinite,chase_united_club_infinite_instacart_credit_promo_1
United Club Infinite,Instacart Credit (Promo 2),$10/month ($120/year),monthly,calendar month,yes,yes,yes,https://www.chase.com/personal/credit-cards/united/united-visa-infinite-card/travel-benefits,Requires Instacart+ membership activation. Second of two monthly $10 Instacart credits. Through 12/31/27.,active,chase,personal,chase_united_club_infinite,chase_united_club_infinite_instacart_credit_promo_2
United Club Infinite,$20K Spend Bonus (10K Award Flight Discount),"10,000-mile award flight discount",annual,calendar year,no,no,later,https://www.chase.com/personal/credit-cards/united/united-visa-infinite-card/travel-benefits,Threshold: $20K calendar-year spend unlocks 10K-mile discount on an eligible award flight (1st of up to 2 per year). Spend-threshold pattern doesn't fit clean periodic tracking yet.,active,chase,personal,chase_united_club_infinite,chase_united_club_infinite_20k_spend_bonus_10k_award_flight_discount
United Club Infinite,$40K Spend Bonus (2nd 10K Award Flight Discount),"10,000-mile award flight discount",annual,calendar year,no,no,later,https://www.chase.com/personal/credit-cards/united/united-visa-infinite-card/travel-benefits,Threshold: cumulative $40K calendar-year spend unlocks a 2nd 10K-mile discount on an eligible award flight (max 2 per year). Spend-threshold pattern doesn't fit clean periodic tracking yet.,active,chase,personal,chase_united_club_infinite,chase_united_club_infinite_40k_spend_bonus_2nd_10k_award_flight_discount
IHG One Rewards Traveler,,,,,,,,https://creditcards.chase.com/travel-credit-cards/ihg-rewards-club/traveler,"No-AF card with no durable use-it-or-lose-it benefits. Auto Silver Elite status (passive), 4th-night-free on points stays (passive discount), 20% off points purchases (passive), early access to Reward Night sales (passive). All categorically excluded. No anniversary FNA, no statement credits, no Global Entry credit on this tier.",no_trackable_benefits,chase,personal,chase_ihg_one_rewards_traveler,
Southwest Rapid Rewards Plus,10% Flight Discount Promo Code,10% off one Southwest flight per anniversary year,annual,card renewal anniversary,no,no,yes,https://creditcards.chase.com/travel-credit-cards/southwest/plus,"One promo code issued each card anniversary, valid for 1 year from delivery. Excludes Basic fare. Code appears in Rapid Rewards account within 15 days of anniversary.",active,chase,personal,chase_southwest_rapid_rewards_plus,chase_southwest_rapid_rewards_plus_10_flight_discount_promo_code
Southwest Rapid Rewards Plus,DoorDash Non-Restaurant Credit,$10/quarter ($40/year),quarterly,calendar quarter,yes,yes,yes,https://creditcards.chase.com/travel-credit-cards/southwest/plus,Requires DashPass activation. One $10 promo per quarter on a non-restaurant order. Unused forfeits at quarter end. Through 12/31/27.,active,chase,personal,chase_southwest_rapid_rewards_plus,chase_southwest_rapid_rewards_plus_doordash_non_restaurant_credit
Southwest Rapid Rewards Premier,15% Flight Discount Promo Code,15% off one Southwest flight per anniversary year,annual,card renewal anniversary,no,no,yes,https://creditcards.chase.com/travel-credit-cards/southwest/premier,"One promo code issued each card anniversary, valid for 1 year from delivery. Excludes Basic fare.",active,chase,personal,chase_southwest_rapid_rewards_premier,chase_southwest_rapid_rewards_premier_15_flight_discount_promo_code
Southwest Rapid Rewards Premier,DoorDash Non-Restaurant Credit,$10/quarter ($40/year),quarterly,calendar quarter,yes,yes,yes,https://creditcards.chase.com/travel-credit-cards/southwest/premier,Requires DashPass activation. One $10 promo per quarter on a non-restaurant order. Unused forfeits at quarter end. Through 12/31/27.,active,chase,personal,chase_southwest_rapid_rewards_premier,chase_southwest_rapid_rewards_premier_doordash_non_restaurant_credit
Southwest Rapid Rewards Priority,DoorDash Non-Restaurant Credit,$10/quarter ($40/year),quarterly,calendar quarter,yes,yes,yes,https://creditcards.chase.com/travel-credit-cards/southwest/priority,Requires DashPass activation. One $10 promo per quarter on a non-restaurant order. Unused forfeits at quarter end. Through 12/31/27. Note: previous $75 annual Southwest travel credit was discontinued at end of 2025.,active,chase,personal,chase_southwest_rapid_rewards_priority,chase_southwest_rapid_rewards_priority_doordash_non_restaurant_credit
Aer Lingus Visa Signature,$30K Spend Bonus (Economy Companion Ticket),1 economy companion ticket (good for 12 months),annual,calendar year,no,no,later,https://creditcards.chase.com/travel-credit-cards/avios/aer-lingus,Threshold: $30K calendar-year spend unlocks an economy companion ticket valid for 12 months from issuance. Companion booking must be made by emailing Aer Lingus directly. Spend-threshold pattern doesn't fit clean periodic tracking yet.,active,chase,personal,chase_aer_lingus_visa_signature,chase_aer_lingus_visa_signature_30k_spend_bonus_economy_companion_ticket
Chase Ink Business Preferred,DoorDash Grocery & Retail Credit,$10/month ($120/year),monthly,calendar month,yes,yes,yes,https://creditcards.chase.com/business-credit-cards/ink/business-preferred,Requires DashPass activation. Up to $10/month on grocery and retail DoorDash orders. Through 12/31/27. Note: Ink cards are EXCLUDED from the $10/quarter non-restaurant promo on Freedom cards — this is the Ink-specific monthly variant.,active,chase,business,chase_ink_business_preferred,chase_ink_business_preferred_doordash_grocery_and_retail_credit
Chase Ink Business Unlimited,,,,,,,,,"Card has no trackable use-it-or-lose-it benefits. Earnings: flat 1.5% cash back on all purchases (passive multiplier), 5% Lyft through 9/30/27 (passive multiplier). Complimentary employee cards (passive). Travel/purchase protections (passive).",no_trackable_benefits,chase,business,chase_ink_business_unlimited,
Chase Ink Business Cash,,,,,,,,,"Card has no trackable use-it-or-lose-it benefits. Earnings: 5% cash back on first $25K combined at office supply stores + internet/cable/phone (passive multiplier with annual cap), 2% on first $25K at gas stations + restaurants (passive), 1% all other (passive), 5% Lyft through 9/30/27 (passive). Complimentary employee cards (passive). Travel/purchase protections (passive).",no_trackable_benefits,chase,business,chase_ink_business_cash,
Chase Ink Business Premier,,,,,,,,,"Card has no trackable use-it-or-lose-it benefits despite a $195 annual fee. Earnings: 5% Chase Travel (passive), 2.5% on $5K+ purchases (passive), 2% all other (passive), 5% Lyft through 9/30/27 (passive). Pay-in-Full / Flex for Business is a payment feature, not a periodic benefit. No statement credits, no FNA, no GE/PreCheck, no DashPass monthly credit.",no_trackable_benefits,chase,business,chase_ink_business_premier,
Chase Sapphire Reserve for Business,Annual Travel Credit,Up to $300/year,annual,card renewal anniversary,no,no,yes,https://account.chase.com/sapphirereserveforbusiness,Auto-applied to travel category purchases. Resets each account anniversary year not calendar year.,active,chase,business,chase_sapphire_reserve_business,chase_sapphire_reserve_business_annual_travel_credit
Chase Sapphire Reserve for Business,The Edit Credit,Up to $500/year (max $250/transaction),annual,calendar year,no,no,yes,https://account.chase.com/sapphirereserveforbusiness,Prepaid bookings via The Edit by Chase Travel only. 2-night minimum. Card launched June 2025 with this format from the start (no semiannual history like the consumer SR).,active,chase,business,chase_sapphire_reserve_business,chase_sapphire_reserve_business_the_edit_credit
Chase Sapphire Reserve for Business,Select Chase Travel Hotel Credit,Up to $250/year,annual,calendar year,no,no,yes,https://account.chase.com/sapphirereserveforbusiness,"Prepaid Chase Travel bookings at IHG, Montage, Pendry, Omni, Virgin, Minor, Pan Pacific. 2-night min. Promo expires 12/31/26 — flag for re-research late 2026.",active,chase,business,chase_sapphire_reserve_business,chase_sapphire_reserve_business_select_chase_travel_hotel_credit
Chase Sapphire Reserve for Business,ZipRecruiter Credit,Up to $400/year ($200 H1 + $200 H2),semiannual,calendar year (split Jan-Jun / Jul-Dec),no,no,yes,https://account.chase.com/sapphirereserveforbusiness,Up to $200 in statement credits Jan-Jun and up to $200 Jul-Dec on direct ZipRecruiter purchases. Through 12/31/27.,active,chase,business,chase_sapphire_reserve_business,chase_sapphire_reserve_business_ziprecruiter_credit
Chase Sapphire Reserve for Business,Google Workspace Credit,Up to $200/year,annual,calendar year,no,no,yes,https://account.chase.com/sapphirereserveforbusiness,Statement credit on direct Google Workspace purchases. Through 12/31/27.,active,chase,business,chase_sapphire_reserve_business,chase_sapphire_reserve_business_google_workspace_credit
Chase Sapphire Reserve for Business,Lyft In-App Credit,$10/month ($120/year),monthly,calendar month,no,yes,yes,https://account.chase.com/sapphirereserveforbusiness,Card must be set as Lyft default payment. Credit appears in Lyft app on the 1st of each month and forfeits if unused. Through 9/30/27.,active,chase,business,chase_sapphire_reserve_business,chase_sapphire_reserve_business_lyft_in_app_credit
Chase Sapphire Reserve for Business,Curated Gift Card Credit,Up to $100/year ($50 H1 + $50 H2),semiannual,calendar year (split Jan-Jun / Jul-Dec),no,no,yes,https://account.chase.com/sapphirereserveforbusiness,Eligible purchases at giftcards.com/reservebusiness. Up to $50 Jan-Jun and up to $50 Jul-Dec. Through 10/31/28.,active,chase,business,chase_sapphire_reserve_business,chase_sapphire_reserve_business_curated_gift_card_credit
Chase Sapphire Reserve for Business,DoorDash Restaurant Credit,$5/month ($60/year),monthly,calendar month,yes,yes,yes,https://account.chase.com/sapphirereserveforbusiness,Requires DashPass activation. Restaurant orders only. Through 12/31/27.,active,chase,business,chase_sapphire_reserve_business,chase_sapphire_reserve_business_doordash_restaurant_credit
Chase Sapphire Reserve for Business,DoorDash Non-Restaurant Credit (Promo 1),$10/month ($120/year),monthly,calendar month,yes,yes,yes,https://account.chase.com/sapphirereserveforbusiness,Requires DashPass activation. First of two $10 monthly promos on grocery and retail orders. Must be used on a separate order from Promo 2. Unused forfeits at month end. Through 12/31/27.,active,chase,business,chase_sapphire_reserve_business,chase_sapphire_reserve_business_doordash_non_restaurant_credit_promo_1
Chase Sapphire Reserve for Business,DoorDash Non-Restaurant Credit (Promo 2),$10/month ($120/year),monthly,calendar month,yes,yes,yes,https://account.chase.com/sapphirereserveforbusiness,Requires DashPass activation. Second of two $10 monthly promos on grocery and retail orders. Must be used on a separate order from Promo 1. Unused forfeits at month end. Through 12/31/27.,active,chase,business,chase_sapphire_reserve_business,chase_sapphire_reserve_business_doordash_non_restaurant_credit_promo_2
Chase Sapphire Reserve for Business,Global Entry / TSA PreCheck / NEXUS Fee Credit,Up to $120 every 4 years,multi_year,every 4 years,no,no,yes,https://account.chase.com/sapphirereserveforbusiness,Statement credit auto-applied when application fee charged to card.,active,chase,business,chase_sapphire_reserve_business,chase_sapphire_reserve_business_global_entry_tsa_precheck_nexus_fee_credit
Chase Sapphire Reserve for Business,$120K Spend Bonus (Shops at Chase Credit),Up to $500 statement credit,annual,calendar year,no,no,later,https://account.chase.com/sapphirereserveforbusiness,Threshold: $120K calendar-year spend unlocks up to $500 in statement credits for The Shops at Chase. Benefits valid for the remainder of the qualifying calendar year and the following calendar year. Spend-threshold pattern doesn't fit clean periodic tracking yet.,active,chase,business,chase_sapphire_reserve_business,chase_sapphire_reserve_business_120k_spend_bonus_shops_at_chase_credit
Chase Sapphire Reserve for Business,$120K Spend Bonus (Southwest Travel Credit),Up to $500 statement credit,annual,calendar year,no,no,later,https://account.chase.com/sapphirereserveforbusiness,Threshold: $120K calendar-year spend unlocks up to $500 in statement credits for Southwest Airlines flights booked through Chase Travel. Same threshold also unlocks IHG Diamond Elite and SW A-List status (excluded as status). Benefits valid for the remainder of the qualifying calendar year and the following calendar year.,active,chase,business,chase_sapphire_reserve_business,chase_sapphire_reserve_business_120k_spend_bonus_southwest_travel_credit
United Business,$125 United Travel Credit,$125 in TravelBank cash after 5 United flight purchases of $100+,annual,calendar year,no,no,later,https://creditcards.chase.com/business-credit-cards/united/united-business-card,Threshold: 5 separate United flight purchases of $100+ in a calendar year unlocks $125 in TravelBank cash. Purchase-count threshold (not pure dollar spend) doesn't fit clean periodic tracking yet.,active,chase,business,chase_united_business,chase_united_business_125_united_travel_credit
United Business,United Hotels Credit (Stay 1),$50 first prepaid hotel stay,annual,card renewal anniversary,no,no,yes,https://creditcards.chase.com/business-credit-cards/united/united-business-card,$50 statement credit on 1st prepaid stay of $50+ booked directly through United Hotels. Anniversary year. Up to $100/year combined with Stay 2.,active,chase,business,chase_united_business,chase_united_business_united_hotels_credit_stay_1
United Business,United Hotels Credit (Stay 2),$50 second prepaid hotel stay,annual,card renewal anniversary,no,no,yes,https://creditcards.chase.com/business-credit-cards/united/united-business-card,$50 statement credit on 2nd prepaid stay of $50+ booked directly through United Hotels. Anniversary year. Up to $100/year combined with Stay 1.,active,chase,business,chase_united_business,chase_united_business_united_hotels_credit_stay_2
United Business,Rideshare Credit,Up to $100/year ($8/month Jan-Nov + $12 Dec),monthly,calendar month,yes,yes,yes,https://creditcards.chase.com/business-credit-cards/united/united-business-card,"Yearly enrollment required. $8/month statement credit Jan-Nov, $12 in December. Resets each calendar month; unused forfeits at month end.",active,chase,business,chase_united_business,chase_united_business_rideshare_credit
United Business,Avis/Budget Car Rental Credit,Up to $50/year in TravelBank cash,annual,card renewal anniversary,no,no,yes,https://creditcards.chase.com/business-credit-cards/united/united-business-card,$50 in United TravelBank cash for an Avis or Budget rental booked through cars.united.com. 2-day minimum. Anniversary year. Single booking only (not split like Club Business which has $100 across two rentals).,active,chase,business,chase_united_business,chase_united_business_avis_budget_car_rental_credit
United Business,JSX Credit,Up to $100/year,annual,card renewal anniversary,no,no,yes,https://creditcards.chase.com/business-credit-cards/united/united-business-card,Statement credit on JSX flight bookings made directly with JSX. Anniversary year.,active,chase,business,chase_united_business,chase_united_business_jsx_credit
United Business,FareLock Credit,Up to $25/year,annual,card renewal anniversary,no,no,yes,https://creditcards.chase.com/business-credit-cards/united/united-business-card,Statement credit on FareLock purchases (3/7/14-day fare holds on United flights). Anniversary year.,active,chase,business,chase_united_business,chase_united_business_farelock_credit
United Business,Instacart Credit,$10/month ($120/year),monthly,calendar month,yes,yes,yes,https://creditcards.chase.com/business-credit-cards/united/united-business-card,Requires Instacart+ activation via Instacart.com/Chase. $10/month credit on Instacart purchases. Through 12/31/27.,active,chase,business,chase_united_business,chase_united_business_instacart_credit
United Club Business,Renowned Hotels Anniversary Credit,Up to $200/year,annual,card renewal anniversary,no,no,yes,https://www.chase.com/business/credit-cards/united-business-cards/united-club-card,Statement credit on prepaid Renowned Hotels & Resorts (United Cardmember program) bookings via RenownedHotels.com. Anniversary year.,active,chase,business,chase_united_club_business,chase_united_club_business_renowned_hotels_anniversary_credit
United Club Business,Rideshare Credit,Up to $150/year ($12/month Jan-Nov + $18 Dec),monthly,calendar month,yes,yes,yes,https://www.chase.com/business/credit-cards/united-business-cards/united-club-card,"Yearly enrollment required. $12/month statement credit Jan-Nov, $18 in December. Resets each calendar month; unused forfeits at month end.",active,chase,business,chase_united_club_business,chase_united_club_business_rideshare_credit
United Club Business,Avis/Budget Car Rental Credit (Rental 1),$50 in TravelBank cash (1st rental),annual,card renewal anniversary,no,no,yes,https://www.chase.com/business/credit-cards/united-business-cards/united-club-card,$50 in United TravelBank cash for 1st Avis or Budget rental booked through cars.united.com. 2-day minimum. Anniversary year. Up to $100/year combined with Rental 2.,active,chase,business,chase_united_club_business,chase_united_club_business_avis_budget_car_rental_credit_rental_1
United Club Business,Avis/Budget Car Rental Credit (Rental 2),$50 in TravelBank cash (2nd rental),annual,card renewal anniversary,no,no,yes,https://www.chase.com/business/credit-cards/united-business-cards/united-club-card,$50 in United TravelBank cash for 2nd Avis or Budget rental booked through cars.united.com. 2-day minimum. Anniversary year. Up to $100/year combined with Rental 1.,active,chase,business,chase_united_club_business,chase_united_club_business_avis_budget_car_rental_credit_rental_2
United Club Business,JSX Credit,Up to $200/year,annual,card renewal anniversary,no,no,yes,https://www.chase.com/business/credit-cards/united-business-cards/united-club-card,Statement credit on JSX flight bookings made directly with JSX. Anniversary year.,active,chase,business,chase_united_club_business,chase_united_club_business_jsx_credit
United Club Business,FareLock Credit,Up to $50/year,annual,card renewal anniversary,no,no,yes,https://www.chase.com/business/credit-cards/united-business-cards/united-club-card,Statement credit on FareLock purchases (3/7/14-day fare holds on United flights). Anniversary year.,active,chase,business,chase_united_club_business,chase_united_club_business_farelock_credit
United Club Business,Instacart Credit (Promo 1),$10/month ($120/year),monthly,calendar month,yes,yes,yes,https://www.chase.com/business/credit-cards/united-business-cards/united-club-card,Requires Instacart+ activation via Instacart.com/Chase. First of two $10 monthly Instacart credits. Through 12/31/27.,active,chase,business,chase_united_club_business,chase_united_club_business_instacart_credit_promo_1
United Club Business,Instacart Credit (Promo 2),$10/month ($120/year),monthly,calendar month,yes,yes,yes,https://www.chase.com/business/credit-cards/united-business-cards/united-club-card,Requires Instacart+ activation via Instacart.com/Chase. Second of two $10 monthly Instacart credits. Through 12/31/27.,active,chase,business,chase_united_club_business,chase_united_club_business_instacart_credit_promo_2
Southwest Rapid Rewards Performance Business,Global Entry / TSA PreCheck / NEXUS Fee Credit,Up to $120 every 4 years,multi_year,every 4 years,no,no,yes,https://creditcards.chase.com/travel-credit-cards/southwest/performance-business,"Statement credit auto-applied when application fee charged to card. Note: previous benefits (4 Upgraded Boardings, in-flight Wi-Fi credits, $500 fee credit for points transfers) all ended 12/31/25 with the Southwest assigned-seating transition.",active,chase,business,chase_southwest_rapid_rewards_performance_business,chase_southwest_rapid_rewards_performance_business_global_entry_tsa_precheck_nexus_fee_credit
Southwest Rapid Rewards Premier Business,15% Flight Discount Promo Code,15% off one Southwest flight per anniversary year,annual,card renewal anniversary,no,no,yes,https://creditcards.chase.com/travel-credit-cards/southwest/premier-business,"One promo code issued each card anniversary, valid for 1 year from delivery. Excludes Basic fare. Mirrors consumer Southwest Premier benefit.",active,chase,business,chase_southwest_rapid_rewards_premier_business,chase_southwest_rapid_rewards_premier_business_15_flight_discount_promo_code
IHG One Rewards Premier Business,Anniversary Free Night,1 night/year (up to 40K points),annual,card renewal anniversary,no,no,yes,https://creditcards.chase.com/business-credit-cards/IHG/business-premier,Issued each year after card anniversary. Can be topped off with own IHG One Rewards points to redeem at hotels above the 40K redemption level.,active,chase,business,chase_ihg_one_rewards_premier_business,chase_ihg_one_rewards_premier_business_anniversary_free_night
IHG One Rewards Premier Business,Global Entry / TSA PreCheck / NEXUS Fee Credit,Up to $120 every 4 years,multi_year,every 4 years,no,no,yes,https://creditcards.chase.com/business-credit-cards/IHG/business-premier,Statement credit auto-applied when application fee charged to card.,active,chase,business,chase_ihg_one_rewards_premier_business,chase_ihg_one_rewards_premier_business_global_entry_tsa_precheck_nexus_fee_credit
IHG One Rewards Premier Business,United TravelBank Cash,Up to $50/year ($25 Jan + $25 Jul),semiannual,calendar year (split Jan / Jul),yes,yes,yes,https://creditcards.chase.com/business-credit-cards/IHG/business-premier,One-time enrollment at ihg.com/united (link MileagePlus). $25 deposit on/around Jan 1 (expires Jul 15) and $25 on/around Jul 1 (expires Jan 15). Short 6-month expiration window — easy to lose if not used.,active,chase,business,chase_ihg_one_rewards_premier_business,chase_ihg_one_rewards_premier_business_united_travelbank_cash
IHG One Rewards Premier Business,$20K Spend Bonus,"$100 statement credit + 10,000 bonus points",annual,calendar year,no,no,later,https://creditcards.chase.com/business-credit-cards/IHG/business-premier,Threshold: $20K calendar-year spend (plus 1 additional purchase) unlocks $100 statement credit + 10K bonus points. Spend-threshold pattern doesn't fit clean periodic tracking yet.,active,chase,business,chase_ihg_one_rewards_premier_business,chase_ihg_one_rewards_premier_business_20k_spend_bonus
United Club Business,$40K Spend Bonus (2 Economy Plus Upgrades),2 global Economy Plus seat upgrades,annual,calendar year,no,no,later,https://creditcards.chase.com/business-credit-cards/united/united-club-business,Threshold: $40K calendar-year spend unlocks 2 global Economy Plus seat upgrades. Each upgrade valid 12 months from issue. Mirrors Quest's $40K → 2 global EP upgrades. Spend-threshold pattern doesn't fit clean periodic tracking yet.,active,chase,business,chase_united_club_business,chase_united_club_business_40k_spend_bonus_2_economy_plus_upgrades
United Business,$25K Spend Bonus (2 Economy Plus Upgrades),2 continental U.S. Economy Plus seat upgrades,annual,calendar year,no,no,later,https://creditcards.chase.com/business-credit-cards/united/united-business-card,Threshold: $25K calendar-year spend unlocks 2 continental U.S. (not global) Economy Plus seat upgrades. Each upgrade valid 12 months from issue. Distinct threshold ($25K vs $40K on Quest/Club Business) and narrower scope (continental U.S. vs global). Spend-threshold pattern doesn't fit clean periodic tracking yet.,active,chase,business,chase_united_business,chase_united_business_25k_spend_bonus_2_economy_plus_upgrades
